classification,mean,sum,count
Extreme Fear,229.93458031914892,345821.6088,1504
Extreme Greed,55.98315581073269,445457.970786,7957
Fear,151.4419543576863,1652080.280088,10909
Greed,95.15266155571199,946198.06651,9944
Neutral,90.22074992311092,612508.671228,6789
